{
  "model": "answerdotai/ModernBERT-base",
  "method": "full_finetune",
  "test_samples": 943,
  "accuracy": 0.975609756097561,
  "f1_adversarial": 0.9757639620653319,
  "mcc": 0.9515884624653244,
  "roc_auc": 0.9957564957564957,
  "pr_auc": 0.9964972878164554,
  "confusion_matrix": {
    "tn": 457,
    "fp": 5,
    "fn": 18,
    "tp": 463
  }
}